# Code label is the function/method name. Exceptions: if it is the top-level code, it is "repl", classes field and init have their labels as well
Bytecode ID,Label,Inclusive Compilation Time(ticks),Inclusive Compilation Time(ticks)_std,Inclusive Compilation Time(μs),Inclusive Compilation Time(μs)_std
0,lambda-43,9481.32,1103.2238923875307,3.5116,0.4086014416250114
1,lambda-44,3774.68,599.9045651992815,1.3980296296296295,0.22218687599973388
2,lambda-64,103129.2,17675.288928158363,38.196,6.54640330672532
3,+,5036.72,699.8074090747529,1.865451851851852,0.2591879292869455
4,repl,108928.72,13838.639332429371,40.34397037037037,5.125421974973841
5,-,3613.76,515.3325282707056,1.3384296296296296,0.19086389935952058
6,repl,93499.12,13347.930520083613,34.629303703703705,4.943677970401338
7,*,3283.04,443.55433415415837,1.2159407407407408,0.16427938302005865
8,repl,101065.44,13877.7739321785,37.431644444444444,5.139916271177222
9,/,3117.48,382.09664553697974,1.1546222222222222,0.1415172761248073
10,repl,93944.64,13845.342896027218,34.794311111111114,5.1279047763063765
11,%,2922.32,377.401936986042,1.0823407407407408,0.13977849518001556
12,repl,111364.68,16285.373367910386,41.246177777777774,6.031619765892736
13,=,2952.8,332.36788076356794,1.0936296296296297,0.12309921509761776
14,repl,85115.96,12275.019447941704,31.524429629629633,4.546303499237668
15,!=,5789.92,733.0496500154372,2.144414814814815,0.27149987037608786
16,repl,195065.24,25625.238725466395,72.24638518518518,9.490829157580146
17,<,3015.92,380.125856709032,1.1170074074074074,0.14078735433667852
18,repl,106439.32,13215.007397188814,39.421970370370374,4.894447184144005
19,<=,15254.44,1964.408548471046,5.6497925925925925,0.7275587216559429
20,repl,108811.0,14741.853499890878,40.30037037037037,5.459945740700325
21,>,3037.84,830.960873854811,1.125125925925926,0.307763286612893
22,repl,86187.56,14477.913167304196,31.921318518518518,5.362190061964517
23,>=,2892.48,494.56896260836055,1.071288888888889,0.18317368985494836
24,repl,96579.44,16371.583454964188,35.770162962962964,6.063549427764514
25,&,3138.12,456.76205746849985,1.1622666666666666,0.1691711323957407
26,repl,104692.2,17591.610436657073,38.77488888888889,6.515411272835953
27,|,3085.92,363.7152867228959,1.1429333333333334,0.1347093654529244
28,repl,87443.84,11531.824167361327,32.3866074074074,4.271045987911602
29,^,15240.56,1887.9337605121723,5.644651851851852,0.6992347261156193
30,repl,107020.04,13443.288698037231,39.63705185185185,4.978995814087863
31,not,4115.76,522.5864467106991,1.5243555555555557,0.19355053581877743
32,repl,93945.16,11809.770912015432,34.794503703703704,4.373989226672382
33,print,16597.52,2154.447987825396,6.14722962962963,0.7979436991945911
34,repl,192918.4,24245.751681732712,71.45125925925926,8.979908030271375
35,println,8058.24,1008.2645133989353,2.9845333333333333,0.3734313012588649
36,repl,281609.12,35941.86099496276,104.29967407407408,13.311800368504725
37,repl,2508.32,332.38786293812143,0.9290074074074075,0.12310661590300793
38,vector_with,24991.76,3109.000013522296,9.256207407407407,1.1514814864897391
39,empty_vec,31904.36,3937.4782915371775,11.81642962962963,1.4583252931619175
40,max,6955.72,889.8651133739314,2.5761925925925926,0.3295796716199746
41,Vector.init,22850.92,6106.465682891089,8.463303703703703,2.261653956626329
42,Vector.init-values,10156.4,1248.0185765231777,3.7616296296296294,0.46222910241599174
43,Vector.at,14800.0,1945.0322698125717,5.481481481481482,0.7203823221528043
44,Vector.at_put,106458.44,14287.297765326439,39.42905185185185,5.291591764935718
45,Vector.append,69031.2,20403.942976287497,25.56711111111111,7.557015917143517
46,Vector.is_empty,3687.64,960.8679486245117,1.3657925925925924,0.3558770180090784
47,Vector.for_each,20750.32,6279.221586490232,7.6853037037037035,2.3256376246260118
48,Vector.has_some,24039.32,6339.131590689819,8.903451851851852,2.3478265150703033
49,Vector.get_one,27499.92,7380.306403240606,10.185155555555555,2.7334468160150394
50,Vector.first,4745.32,1012.435786625906,1.7575259259259257,0.37497621726885405
51,Vector.remove_first,14913.48,2874.6367808891637,5.523511111111111,1.0646802892182088
52,State.init,11166.44,2923.6269699795553,4.135718518518519,1.0828248036961317
53,each,10355.44,2199.4648714667674,3.835348148148148,0.8146166190617657
54,Vector.remove,422705.68,91778.23471946952,156.55765925925925,33.99193878498871
55,Vector.remove_all,9703.76,1953.446045179792,3.5939851851851854,0.7234985352517748
56,Vector.size,2842.16,579.3242847825175,1.0526518518518517,0.2145645499194509
57,Vector.capacity,10326.24,1996.372000834084,3.824533333333333,0.7393970373459571
58,Vector.sort,6587.28,1315.5707854116295,2.4397333333333333,0.48724843904134424
59,Vector._sort,113840.32,21623.42173590895,42.163081481481484,8.008674717003315
60,Vector._swap,7809.48,762.5612920163418,2.8924,0.28243010815420067
61,Vector._default_sort,1106.4,163.07404102781916,0.4097777777777778,0.060397792973266355
62,repl,49179800.76,3593705.943313646,18214.74102222222,1331.0022012272764
63,Json.benchmark,4182.68,221.47100422918948,1.549140740740741,0.08202629786266277
64,Json.verify_result,20230.6,854.4752059311146,7.492814814814814,0.3164722984930054
65,repl,1589044.68,56768.12995177878,588.5350666666667,21.02523331547362
66,_JsonValue.is_object,858.04,92.48275294257158,0.31779259259259257,0.0342528714602117
67,_JsonValue.is_array,714.32,77.84480636208826,0.264562962962963,0.028831409763736392
68,_JsonValue.is_number,5595.88,396.23975632159363,2.0725481481481483,0.14675546530429392
69,_JsonValue.is_string,6045.92,1369.72346143896,2.2392296296296297,0.5073049857181333
70,_JsonValue.is_boolean,558.48,72.48651950676128,0.20684444444444444,0.02684685907657825
71,_JsonValue.is_true,684.48,99.87384695766178,0.25351111111111113,0.036990313688022886
72,_JsonValue.is_false,671.72,31.374004578078775,0.2487851851851852,0.011620001695584732
73,_JsonValue.is_null,562.84,100.33746324584973,0.20845925925925926,0.03716202342438879
74,_JsonValue.as_object,2644.84,264.896464949718,0.9795703703703704,0.09810980183322889
75,_JsonValue.as_array,8226.4,6142.978962247246,3.0468148148148146,2.275177393424906
76,repl,248491.04,27584.897539851067,92.03371851851853,10.216628718463358
77,_JsonLiteral.init,4875.92,542.627765073417,1.8058962962962963,0.20097324632348776
78,_JsonLiteral.init-values,7380.36,425.3391808610045,2.7334666666666667,0.15753302994852017
79,_JsonLiteral.is_null,1191.32,107.23737545220672,0.4412296296296296,0.039717546463780264
80,_JsonLiteral.is_true,6440.24,1619.4924697545946,2.385274074074074,0.599812025835035
81,_JsonLiteral.is_false,894.16,222.98708299736435,0.33117037037037034,0.08258780851754235
82,_JsonLiteral.as_string,868.04,41.30422718891457,0.3214962962962963,0.01529786192182021
83,_JsonLiteral.is_boolean,1643.36,80.58605743589409,0.6086518518518518,0.029846687939220035
84,repl,576133.6,31359.90392269748,213.3828148148148,11.614779230628695
85,repl,13341.8,1410.6932294992775,4.941407407407407,0.5224789738886213
86,_Parser.init,6698.8,249.27421176900947,2.481037037037037,0.09232378213667017
87,_Parser.init-values,1646.68,114.03229760887562,0.6098814814814815,0.04223418429958357
88,_Parser.parse,13140.6,1938.5557531738061,4.866888888888889,0.7179836122865949
89,_Parser._read_value,41705.12,2805.8843463154294,15.446340740740741,1.03921642456127
90,_Parser._read_array_element,10432.64,1637.9904781562718,3.8639407407407407,0.6066631400578785
91,_Parser._read_array,17828.12,1417.042992449057,6.603007407407407,0.5248307379440952
92,_Parser._read_object_key_value_pair,16333.68,1298.0152107533017,6.049511111111111,0.4807463743530747
93,_Parser._read_object,17540.08,1872.7914758020272,6.496325925925927,0.6936264725192693
94,_Parser._read_name,9798.64,1039.8285133342208,3.629125925925926,0.38512167160526695
95,_Parser._read_null,4997.8,443.74220315081925,1.851037037037037,0.16434896412993305
96,_Parser._read_true,4605.56,499.2919541813228,1.7057629629629631,0.1849229459930825
97,_Parser._read_false,12454.56,5181.709780702559,4.6128,1.9191517706305776
98,_Parser._read_required_char,5546.32,518.5120564201582,2.0541925925925923,0.19204150237783635
99,_Parser._read_string,4315.32,510.88248738664674,1.5982666666666665,0.18921573606912842
100,_Parser._read_string_internal,18523.52,2942.13870731161,6.860562962962963,1.0896810027080037
101,_Parser._read_escape_char,21090.16,1825.1354253359755,7.8111703703703705,0.6759760834577687
102,_Parser._read_escape,10967.2,1777.4063653973735,4.061925925925927,0.658298653850879
103,_Parser._read_number,22642.92,8676.64619877839,8.386266666666666,3.2135726662142186
104,_Parser._read_fraction,14277.12,1469.3473858853679,5.287822222222222,0.5442027355130992
105,_Parser._read_exponent,19037.88,6448.128251243906,7.051066666666667,2.388195648608854
106,_Parser._read_char,4502.88,734.6559555745971,1.6677333333333333,0.2720947983609619
107,_Parser._read_digit,9868.36,1314.86774007029,3.6549481481481485,0.4869880518778852
108,_Parser._skip_white_space,8534.12,1602.4573685309647,3.1607851851851856,0.5935027290855425
109,_Parser._read,14024.96,2790.32328578315,5.19442962962963,1.0334530688085741
110,_Parser._start_capture,8676.16,2381.849798722302,3.2133925925925926,0.882166592119371
111,_Parser._pause_capture,17312.4,3184.519647883352,6.412000000000001,1.1794517214382785
112,_Parser._end_capture,32780.64,6194.830240167183,12.140977777777778,2.29438157043229
113,_Parser._expected,11135.0,1159.580096414215,4.124074074074074,0.42947410978304257
114,_Parser._error,13069.92,1438.5177723005334,4.840711111111111,0.5327843601113087
115,_Parser._is_white_space,7804.96,6293.784355105553,2.890725925925926,2.331031242631686
116,_Parser._is_digit,12815.04,1657.1407507375775,4.746311111111112,0.6137558336065102
117,_Parser._is_end_of_text,7881.8,2493.4496471469283,2.919185185185185,0.9234998693136771
118,repl,25946647.12,1042610.8289112302,9609.869303703705,386.15215885601117
119,_HashIndexTable.init,3003.84,352.4203983069895,1.1125333333333334,0.13052607344703315
120,_HashIndexTable.add,16460.4,2652.464945237596,6.096444444444445,0.9823944241620727
121,_HashIndexTable.get,11713.52,893.1366017512412,4.338340740740741,0.33079133398194116
122,_HashIndexTable._string_hash,2591.72,412.10817086026805,0.9598962962962962,0.15263265587417335
123,_HashIndexTable._hash_slot_for,10137.64,608.5397295567309,3.754681481481481,0.22538508502101143
124,repl,1107326.76,36962.468300144465,410.1210222222222,13.68980307412758
125,_JsonArray.init,1883.6,279.0175182855086,0.6976296296296296,0.10333982158722539
126,_JsonArray.add,10507.48,2527.0608824627607,3.891659259259259,0.9359484749862077
127,_JsonArray.size,7748.08,5637.491611252186,2.8696592592592594,2.087959856019328
128,_JsonArray.get,1924.16,425.2887307345399,0.7126518518518519,0.15751434471649625
129,_JsonArray.is_array,833.92,146.8865784841335,0.3088592592592592,0.054402436475605005
130,_JsonArray.as_array,6348.72,487.0503908891831,2.351377777777778,0.1803890336626604
131,repl,332727.56,23016.978699549392,123.23242962962964,8.524806925759034
132,_JsonNumber.init,1687.56,367.53459701094806,0.6250222222222223,0.13612392481886965
133,_JsonNumber.init-values,9462.12,675.0878292065837,3.504488888888889,0.25003252933577175
134,_JsonNumber.as_string,1219.48,202.48892537114017,0.45165925925925926,0.07499589828560747
135,_JsonNumber.is_number,729.96,97.96416670999491,0.27035555555555557,0.03628302470740552
136,repl,167417.76,11497.97158785419,62.00657777777778,4.258507995501552
137,_JsonObject.init,10700.0,2428.739288316522,3.962962962962963,0.8995330697468601
138,_JsonObject.add,16403.84,2238.066214847277,6.075496296296296,0.8289134129063989
139,_JsonObject.get,14145.16,1470.3365762120386,5.238948148148148,0.5445691023007551
140,_JsonObject.size,1809.0,303.01700632546846,0.67,0.11222852086128461
141,_JsonObject.is_empty,1562.88,400.6582665197516,0.5788444444444445,0.14839195056287097
142,_JsonObject.is_object,907.48,171.98567097409062,0.33610370370370374,0.0636983966570706
143,_JsonObject.as_object,964.6,189.82623633207297,0.3572592592592593,0.07030601345632333
144,_JsonObject.index_of,14183.2,1114.6187048236977,5.253037037037037,0.4128217425272955
145,repl,2095141.04,107318.98522589898,775.978162962963,39.74777230588851
146,_JsonString.init,1670.84,237.43977625271378,0.6188296296296296,0.08794065787137548
147,_JsonString.init-values,8212.28,5381.490060098482,3.0415851851851854,1.9931444667031415
148,_JsonString.is_string,791.88,257.0448733952411,0.2932888888888889,0.09520180496120041
149,repl,65232.2,10043.197484580582,24.160074074074075,3.7197027720668823
150,repl,3828.92,532.9643262557304,1.4181185185185186,0.19739419490952978
