Function identifier,Function label,calls,inclusive execution time(μs),inclusive execution time(μs)_std,exclusive execution time(μs),exclusive execution time(μs)_std
0,repl,42,8359683.7,72401.33201529842,148.4,9.906935369782762
2,base.class,27065,17529.85,154.4679408059877,17529.85,154.4679408059877
6,base.=,89328,59110.95,532.1757203860587,59110.95,532.1757203860587
43,lambda-43,278737,974496.1,7736.373636407775,782150.55,6224.366207219724
44,lambda-44,2003,4405.8,64.09745869007844,2997.65,54.4979719564721
48,int.+,305749,211617.85,2029.8060128987702,211617.85,2029.8060128987702
49,int.-,19081,14036.95,139.53813853303018,14036.95,139.53813853303018
50,int.*,25133,20098.25,494.4527942983774,20098.25,494.4527942983774
51,int./,11,9.2,1.5078740698501039,9.2,1.5078740698501039
53,int.=,270337,185571.75,2171.371356030439,185571.75,2171.371356030439
54,int.<,262125,305868.8,2409.5294277426615,305868.8,2409.5294277426615
55,int.<=,2006,1397.45,24.566719036341144,1397.45,24.566719036341144
56,int.>,12027,8234.85,393.4617315705889,8234.85,393.4617315705889
57,int.>=,27045,47934.0,289.7572486718751,47934.0,289.7572486718751
58,int.&,3032,6136.75,56.51909318749593,6136.75,56.51909318749593
60,int.^,3032,6153.9,61.144264266009365,6153.9,61.144264266009365
61,int.>>,3032,63664.4,821.9561647935399,63664.4,821.9561647935399
64,lambda-64,27065,234080.5,2010.0075805041663,118929.9,1245.6999681007921
65,list.get,194470,355666.45,3032.8358186079913,355666.45,3032.8358186079913
66,list.set,48041,60600.25,629.3856549299315,60600.25,629.3856549299315
67,list.put,53265,35667.4,562.6917825108719,35667.4,562.6917825108719
68,list.length,48324,72919.0,1391.9757635518633,72919.0,1391.9757635518633
87,+,27012,224779.5,6759.086013422384,205507.2,6616.882741975455
88,-,17078,68910.65,509.6578083174506,56281.85,415.26672151762875
89,*,25133,66389.3,1087.6381509345922,46291.05,851.8515113377576
90,/,11,45.35,5.7972316442283125,36.15,5.797231644228312
92,=,285400,969724.5,8108.732320289354,561267.3,4500.247023629291
93,!=,101330,381952.25,3119.9089540528184,240161.4,1992.164820913221
94,<,262125,1804557.75,24035.3358880212,1498688.95,22630.71661184836
95,<=,2006,9134.45,111.69576866131541,7737.0,105.9806337820363
96,>,12027,26622.0,573.7169667133235,18387.15,455.2250195464355
97,>=,27045,169188.8,1808.045516427524,121254.8,1624.1490273856946
98,&,3032,17278.9,146.65387105268286,11142.15,105.06302619706042
100,^,3032,11087.6,95.46308186938046,4933.7,51.57324887962754
101,not,134407,94921.55,812.6865437676785,94921.55,812.6865437676785
104,vector_with,6021,463980.85,3923.4317587782098,75706.8,1131.1970185325106
105,empty_vec,9174,935377.75,7038.601145973905,308793.75,3525.484078370247
107,Vector.init-values,9030,333204.2,3229.8699761999524,22587.3,193.55730825506797
108,Vector.at,1998,36108.5,435.98979949438944,8573.0,119.29794633605398
110,Vector.append,25056,1878971.3,11097.170645093076,358280.6,1533.3566687774255
111,Vector.is_empty,34085,147328.8,1262.0263405375222,58415.4,706.8077532115789
112,Vector.for_each,17195,5034272.35,52850.34194110852,730973.25,6499.573474872276
116,Vector.remove_first,14027,351120.15,2869.4643049475962,104777.95,986.9355268762631
117,State.init,10,18.95,1.6050905860647502,18.95,1.6050905860647502
118,each,4013,116472.35,1625.6152284758628,86777.7,1498.5785932009048
119,Vector.remove,10,328929.25,3819.553141058303,135.4,4.210263149670541
121,Vector.size,5,27.75,2.3141441523584345,10.3,2.2734161635370636
122,Vector.capacity,10,123.6,3.574765358512501,33.85,1.8431951662948325
123,Vector.sort,5,148.3,4.713921152456725,30.6,2.280350850198277
124,Vector._sort,3,61.5,3.2200032690405087,14.4,1.187655806953123
127,Vector.init,9041,10929.1,93.0992113709604,10929.1,93.0992113709604
128,Entry.init-values,16,22.0,1.97350876413186,22.0,1.97350876413186
130,Entry.init,16,22.55,4.273233707134385,22.55,4.273233707134385
131,_hash,3032,96792.7,909.0918603344282,13016.6,133.34813952878974
135,Dictionary._get_bucket_idx,3032,82858.15,1367.108214828888,10094.65,94.14058635891321
136,Dictionary._get_bucket,3016,98071.35,1458.5959100955158,8417.1,100.85106267216659
137,Dictionary.at,3016,272844.8,2835.7213804195235,21497.45,168.23713683526088
139,Dictionary.at_put,16,1165.4,26.284676344332574,194.75,6.608407722861762
146,Dictionary.get_keys,1,809.3,32.40224163785424,132.9,7.333413077716342
148,Dictionary.init,2,467.3,20.016046194569945,5.85,0.7451598203705947
149,_IdEntry.match,3016,21145.3,582.3854845646299,7550.8,86.92319658907621
150,IdentityDictionary._new_entry,16,126.7,8.74853371172925,82.15,6.1411039638437
151,DeltaBlue.inner_benchmark_loop,1,8356162.55,72364.2072396183,6.9,0.718184846459608
154,lambda,120160,935994.05,13437.151383874407,192727.8,1984.0509225213668
155,_Plan.execute,140,2770266.85,42084.7054631927,275.9,10.99712881188827
156,_Plan.init,5,830.9,17.350564983975538,12.5,1.3178930553209385
157,_Planner.incremental_add,3009,2034814.0,15011.680473270762,18424.5,181.97990056741546
158,_Planner.incremental_remove,5,1281446.95,9132.72089781403,52.9,1.8035053587243266
159,each,5,623.55,8.876195249388285,24.4,1.9574419397183704
160,_Planner.extract_plan_from_constraints,5,1264298.8,7833.79865239815,34.4,1.875043859136156
161,_Planner._make_plan,5,1263549.95,7833.910258915199,31601.4,238.97068747795097
163,each,19032,684347.8,5107.147546640685,42129.25,859.872687944957
164,_Planner._add_constraints_consuming_to,11020,1127758.75,7456.044661001037,27963.35,238.82966292890976
165,_Planner.add_propagate,6011,1697626.95,12272.393167186294,91997.15,822.1354271203224
166,_Planner.change,4,3251881.0,39913.11076905881,218.5,7.000000000000005
167,each,6007,427503.3,4348.117960681376,14632.15,172.60489564320034
168,_Planner._constraints_consuming,3007,566302.35,4337.508795986834,6192.2,84.60160506129515
169,_Planner._new_mark,3014,17575.85,620.7539791508218,8409.4,427.61891544002725
170,each,6007,42775.3,389.44077314718044,11311.75,112.218243661743
171,recalc,3002,374229.65,3840.207796940703,10636.95,468.12644209601524
173,_Planner._remove_propagate_from,5,845981.45,6864.886961732758,16277.45,161.53098936834306
174,_Planner.init,2,2.1,0.3077935056255462,2.1,0.3077935056255462
175,_Planner_chain_test,1,3763600.6,27391.679044633463,22756.85,229.76836734324178
176,_Planner_projection_test,1,4592555.05,47595.16686815893,39534.35,598.3846039216963
177,_Sym.init-values,8,6.8,1.0052493799000688,6.8,1.0052493799000688
178,_Sym.custom_hash,3032,2336.05,24.771535022449097,2336.05,24.771535022449097
179,_Sym.init,8,6.85,1.0399898784932573,6.85,1.0399898784932573
180,_Strength.init-values,8,552.95,20.653724017461688,18.6,2.010498759800138
181,_Strength.same_as,3,14.5,0.6069769786668844,5.85,1.0399898784932577
182,_Strength.stronger,6011,23979.75,213.61767988135884,10662.85,77.96306480433036
183,_Strength.weaker,12006,48091.8,631.6957628812337,21605.3,177.8512388427328
185,_Strength.weakest,10006,55995.2,757.2397659644495,16168.65,462.56928641755053
186,_Strength.init,8,8.6,0.7539370349250518,8.6,0.7539370349250518
187,_Strength_of,3008,277149.0,2864.660501608124,4838.55,50.20638982188789
188,_create_strength_table,1,897.05,36.16115246183978,20.9,5.240530306632799
189,lambda,8,1149.4,36.56342722620946,49.95,2.8186409565791215
190,_create_strength_constants,1,2322.95,61.49152701581605,11.15,0.8750939799154206
191,_AbstractConstraint.init-strength,3006,282247.15,2887.3186299839954,5237.25,44.34538485451149
192,_AbstractConstraint.is_input,1004,699.95,21.20445583759274,699.95,21.20445583759274
193,_AbstractConstraint.add_constraint,3006,2152681.75,15393.750248840755,10427.0,101.7349497468792
194,_AbstractConstraint.destroy_constraint,5,1419302.3,10293.89293196393,30.2,1.472555959083246
195,lambda,3002,17176.0,180.17038719238138,8183.45,80.89335084249099
196,_AbstractConstraint.inputs_known,3007,96872.25,1000.6532011378268,8583.5,71.98355075256691
197,each,7006,5696.05,68.651273611063,5696.05,68.651273611063
198,_AbstractConstraint.satisfy,6014,1976676.25,14609.119350507364,62900.95,587.8969185512924
209,_AbstractConstraint.init,3006,2771.65,28.16731028019987,2771.65,28.16731028019987
210,_BinaryConstraint.init-binary-constraint,2000,230290.9,2462.4487149348324,6058.65,464.9609236552204
211,_BinaryConstraint.is_satisfied,22014,114309.5,1053.4964092062803,34492.05,310.9581923159792
212,_BinaryConstraint.add_to_graph,1000,88145.15,1061.3749411916003,4560.65,58.818431590249325
214,_BinaryConstraint.choose_method,5002,92069.1,871.3634144259215,28235.4,293.5686775203588
215,_BinaryConstraint.inputs_do,4000,24171.55,248.21795918740023,12189.0,134.67231184971638
216,_BinaryConstraint.inputs_has_one,3002,86202.7,961.056386975999,8707.35,98.52826204218076
217,_BinaryConstraint.mark_unsatisfied,3002,2642.55,31.44163347839095,2642.55,31.44163347839095
218,_BinaryConstraint.get_output,31018,120376.7,1093.491467490115,53691.3,640.0644786598506
219,_BinaryConstraint.recalculate,5000,79802.9,784.9802478239076,23878.15,256.4295891868301
220,_BinaryConstraint.init,2000,2388.1,40.909270600349686,2388.1,40.909270600349686
221,_UnaryConstraint.init-values,1006,1359772.85,10198.396727840169,4486.15,442.06337661852126
222,_UnaryConstraint.is_satisfied,1034,987.7,444.44194458361284,987.7,444.44194458361284
223,_UnaryConstraint.add_to_graph,1006,28082.55,231.48001505188518,2746.35,28.041839041726657
224,_UnaryConstraint.remove_from_graph,10,329088.25,3818.382516128223,44.7,3.840230256254516
225,_UnaryConstraint.choose_method,1012,12312.95,111.28601132123254,3462.95,38.84987976679901
226,_UnaryConstraint.inputs_do,1009,711.65,19.22792651054026,711.65,19.22792651054026
227,_UnaryConstraint.inputs_has_one,5,4.4,2.8910023757932306,4.4,2.8910023757932306
228,_UnaryConstraint.mark_unsatisfied,8,8.3,0.6569466853317862,8.3,0.6569466853317862
229,_UnaryConstraint.get_output,3047,2457.65,35.50578158998606,2457.65,35.50578158998606
230,_UnaryConstraint.recalculate,1009,7781.4,70.00406003263409,5676.15,64.46727035766618
231,_UnaryConstraint.init,1006,1054.8,11.967499848823074,1054.8,11.967499848823074
232,_EditConstraint.is_input,10,6.85,1.5985190514644287,6.85,1.5985190514644287
233,_EditConstraint.execute,140,93.85,5.677981479734724,93.85,5.677981479734724
234,_EqualityConstraint.init-values,1000,402718.3,3764.0329868793333,5121.45,51.35477736194303
235,_EqualityConstraint.execute,104000,430690.15,4250.892974608857,207911.75,2162.42334515798
236,_ScaleConstraint.init-values,1000,692904.55,5849.240062876373,4800.55,474.3620064443344
237,_ScaleConstraint.add_to_graph,1000,235293.1,2128.144952027966,6084.55,449.82154063700926
239,_ScaleConstraint.execute,23024,367879.85,8158.044620431255,101269.35,1983.7931310603192
240,_ScaleConstraint.inputs_do,1002,9359.4,79.5694995784055,4796.15,42.493683741171914
241,_ScaleConstraint.recalculate,5006,158760.95,2146.6598160373455,28186.95,681.6149920361353
242,_ScaleConstraint.init,1000,963.8,14.65246521381662,963.8,14.65246521381662
243,_StayConstraint.execute,1004,702.35,19.826285051601783,702.35,19.826285051601783
244,_Variable.init-values,3003,113678.4,1047.3686527373438,16070.75,427.78337791580105
245,_Variable.add_constraint,7006,338129.25,2916.077121119363,14554.85,135.3305018716846
246,_Variable.remove_constraint,10,328997.6,3818.425652432937,45.7,2.8116299823936175
247,_Variable.init,3003,4948.6,55.27862440210941,4948.6,55.27862440210941
